<?xml version="1.0" encoding="UTF-8"?>
<project-private xmlns="http://www.netbeans.org/ns/project-private/1">
    <editor-bookmarks xmlns="http://www.netbeans.org/ns/editor-bookmarks/2" lastBookmarkId="0"/>
    <open-files xmlns="http://www.netbeans.org/ns/projectui-open-files/2">
        <group>
            <file>file:/C:/Users/User/OneDrive/MIT/term3/COIT20258%20Software%20Engineering/Booking/src/booking/Presenter/BookingPresenter.java</file>
            <file>file:/C:/Users/User/OneDrive/MIT/term3/COIT20258%20Software%20Engineering/Booking/src/booking/view/IView.java</file>
            <file>file:/C:/Users/User/OneDrive/MIT/term3/COIT20258%20Software%20Engineering/Booking/src/booking/view/BookingUIInterface.java</file>
            <file>file:/C:/Users/User/OneDrive/MIT/term3/COIT20258%20Software%20Engineering/Booking/src/booking/Presenter/IndexedBooking.java</file>
            <file>file:/C:/Users/User/OneDrive/MIT/term3/COIT20258%20Software%20Engineering/Booking/src/booking/model/QueryException.java</file>
            <file>file:/C:/Users/User/OneDrive/MIT/term3/COIT20258%20Software%20Engineering/Booking/src/booking/model/BookingModel.java</file>
            <file>file:/C:/Users/User/OneDrive/MIT/term3/COIT20258%20Software%20Engineering/Booking/src/booking/Booking.java</file>
            <file>file:/C:/Users/User/OneDrive/MIT/term3/COIT20258%20Software%20Engineering/Booking/src/booking/model/IQuery.java</file>
            <file>file:/C:/Users/User/OneDrive/MIT/term3/COIT20258%20Software%20Engineering/Booking/src/booking/model/Book.java</file>
            <file>file:/C:/Users/User/OneDrive/MIT/term3/COIT20258%20Software%20Engineering/Booking/src/booking/model/IConnect.java</file>
            <file>file:/C:/Users/User/OneDrive/MIT/term3/COIT20258%20Software%20Engineering/Booking/src/booking/model/ConnectionException.java</file>
            <file>file:/C:/Users/User/OneDrive/MIT/term3/COIT20258%20Software%20Engineering/Booking/src/booking/model/Customer.java</file>
        </group>
    </open-files>
</project-private>
